,note,group
0,Cashmeran,synthetic
1,Pitosporum,woody
2,Hellebore flower,floral
3,Styrax,balsamic
4,Bubble gum,sweet
5,Elemi,balsamic
6,Lady of the night flower,floral
7,Kulfi,sweet
8,Madeira,beverage
9,Neem tree,woody
10,Skin,animal
11,Apple pulp,fruit
12,Blue lotus,floral
13,Silk,synthetic
14,Honeysuckle,white_floral
15,Turkish coffee beans,spicy
16,Clary sage,green
17,White sandalwood,woody
18,Fir resin,balsamic
19,Bourbon rose,floral
20,Caramel,sweet
21,Agarwood (oud),woody
22,Pink peony,floral
23,Blood mandarin,fruit
24,Californian lemon,citrus
25,White mimosa honey,Floral
26,Cedar needles,green
27,Iris,floral
28,Custard,sweet
29,Black vanilla husk,spicy
30,Tamarisk,floral
31,Iced tea,green
32,Lady slipper orchid,floral
33,Lemon verbena,citrus
34,Rye,green
35,Dried fruits,fruit
36,Wallflower,floral
37,Blue lavender,floral
38,Spanish jasmine,white_floral
39,Egyptian tuberose,white_floral
40,Nutmeg,spicy
41,African ginger,spicy
42,Wisteria flower,floral
43,Mahoganywood,woody
44,Red peony,floral
45,Floral notes,floral
46,Guao or maiden plum,green
47,Hibiscus,floral
48,White willow,woody
49,Sour cherry blossom,floral
50,Loukhoum,sweet
51,Soybean,fruit
52,Boxwood,woody
53,Hungarian oakmoss,woody
54,Marigold,green
55,White nerium oleander,floral
56,Rum,beverage
57,French hyacinth,floral
58,White peach blossom,floral
59,Hedione,synthetic
60,Chinese apricot,fruit
61,Red tea,green
62,Red willow,woody
63,Vanila,spicy
64,Rice,green
65,Leather,animal
66,Leather,animal
67,St. Johns wort,floral
68,Rumex,green
69,Green pepper,green
70,Bourbon vanilla,spicy
71,Darjeeling black tea,green
72,Stephanotis,white_floral
73,Teak wood,woody
74,Toffee,sweet
75,Tonka bean,spicy
76,China rose,floral
77,Varnish accord,synthetic
78,Co2 extracts,synthetic
79,Brazilian rosewood,woody
80,Walnut,fruit
81,Coal tar,balsamic
82,Mopane,balsamic
83,Cassia bourbon,beverage
84,Bergamot leaf,citrus
85,Madagascar ylang-ylang,floral
86,Fig nectar,sweet
87,Forget me not,floral
88,Jabuticaba,fruit
89,Tokaji wine,beverage
90,Cypriol oil or nagarmotha,woody
91,Carob tree,woody
92,Grapefruit blossom,white_floral
93,Fig tree,woody
94,Lily of the valley leaves,white_floral
95,Rosebay willowherb,floral
96,Ebony wood,woody
97,Egyptian rosewood,woody
98,Buchu or agathosma,green
99,Chinese litchi,fruit
100,Iris petals,white_floral
101,Birch,woody
102,Wild orange,citrus
103,Labdanum,balsamic
104,Sake,beverage
105,Cornflower or sultan seeds,fruit
106,Kadam,floral
107,Bergamot blossom,floral
108,Sycamore,woody
109,Precious woods,woody
110,Mock orange,white_floral
111,Vanilla,spicy
112,Cobblestone,synthetic
113,Barley,green
114,Black iris,fruit
115,Takamaka,woody
116,Bergamot,citrus
117,Carnation,floral
118,Heliotrope,floral
119,Cannonball flower,floral
120,Grapes,fruit
121,Green orchid,floral
122,Mandarin leaf,green
123,Costus,floral
124,Massoia,woody
125,Coconut pie,sweet
126,White tea,green
127,Coumarin,synthetic
128,Spicy notes,spicy
129,Watermelon,fruit
130,Bourbon vetiver,woody
131,Pineapple,fruit
132,Pink litchi,fruit
133,Eucalyptus blossom,floral
134,Tangelo,citrus
135,Periwinkle,floral
136,Calycanthus,green
137,Orris root,floral
138,Black amber,animal
139,Candied fruits,sweet
140,Dianthus,floral
141,Woodsy notes,woody
142,Pitahaya,fruit
143,Fruity and spicy notes,spicy
144,Hollyhock,floral
145,Profiterole,sweet
146,Orchid,floral
147,Water peony,floral
148,Boysenberry,fruit
149,Pomegranate blossom,floral
150,Pomelo,citrus
151,Palo santo,woody
152,Snow,synthetic
153,Ginger leaf,green
154,Egyptian musk,animal
155,Opium,floral
156,Indian saffron,spicy
157,Orange blossom,white_floral
158,Broom,floral
159,Wet plaster,synthetic
160,Mirabella plum,fruit
161,Sugar cane,sweet
162,Dyer’s greenweed,floral
163,Kyoto rose petals,floral
164,Kiwi flower,floral
165,Ambretone,animal
166,Indian tuberose,white_floral
167,Mai tai cocktail,beverage
168,Alder,woody
169,Butterscotch,sweet
170,Pomarose,synthetic
171,Sicilian lemon,citrus
172,Cork,woody
173,Daim,animal
174,Vine,green
175,Water mint,green
176,Clematis,floral
177,Patchouli,woody
178,Ginger flower,floral
179,Cypress leaf,green
180,Thuja,woody
181,Agave,green
182,Metallic notes,synthetic
183,Mandarin blossom,white_floral
184,May rose,floral
185,Azolla,green
186,Tunisian opium,floral
187,Green orange,citrus
188,White cyclamen,floral
189,Hops,green
190,Priprioca,spicy
191,Angelica,green
192,Wormwood,green
193,Tunisian neroli,white_floral
194,Pelargonium,floral
195,Rose juliette greco,floral
196,Ice,synthetic
197,Carambola (star fruit),fruit
198,Green leaves,green
199,Spun sugar,sweet
200,Violet root,green
201,Pink rose,floral
202,Red nectarine,fruit
203,Melilot or sweet clover,green
204,Japanese gardenia,white_floral
205,Aspen,woody
206,Ylang-ylang,floral
207,Molasses,sweet
208,Sicilian mandarin,citrus
209,Carrot,fruit
210,Pear blossom,floral
211,Baileys irish cream,beverage
212,Moepel accord,fruit
213,Wild orchid,floral
214,Tamarind,spicy
215,Cotton candy,sweet
216,Pink pepper,spicy
217,Blackberry leaf,green
218,Brazilian redwood,woody
219,Bay leaf,spicy
220,Fruits,fruit
221,Strawberry leaf,green
222,Algae,green
223,Bougainvillea,floral
224,Kudzu,floral
225,Citrus blossom,citrus
226,Peru balsam,balsamic
227,Suede,animal
228,White lotus,floral
229,Coconut,fruit
230,Butomus umbellatus,floral
231,Tahitian tiare flower,floral
232,Pink violet,floral
233,Gurjan balsam,woody
234,Bark,woody
235,Grapefruit,citrus
236,Rose hip,floral
237,Black currant blossom,floral
238,Cashmere wood,woody
239,Strawberry syrup,sweet
240,Japanese orchid,floral
241,Woody notes,woody
242,Tropical fruit,fruit
243,Amyl salicylate,synthetic
244,Lily-of-the-valley,floral
245,Blue sage,green
246,Litchi,fruit
247,Mirabelle,fruit
248,Nettle blossom,floral
249,Gray musk,animal
250,Algerian geranium,floral
251,Rose,floral
252,Rose jam,sweet
253,Hazelnut cocoa spread,sweet
254,Gladiolus,floral
255,Lilac,floral
256,Tomato leaf,green
257,Blue lilies,floral
258,Ink,synthetic
259,Genet,animal
260,Lemon peel,citrus
261,Pine needles,green
262,Tuberose,white_floral
263,Snowdrops,floral
264,Cream soda,beverage
265,Siam resin,balsamic
266,Italian lemon,citrus
267,Graperfuit,citrus
268,Lichen,woody
269,Oriental flower notes,floral
270,Wild strawberry,fruit
271,Black and pink pepper,spicy
272,Sicilian citruses,citrus
273,White ginger lily,floral
274,Plum,fruit
275,Resins,balsamic
276,Rose leaf,green
277,Corn silk,fruit
278,Aluminum,synthetic
279,Maple,woody
280,Musk,animal
281,Gooseberry,fruit
282,Sicilian citrus,citrus
283,Polygonum,green
284,Copal,balsamic
285, Copoasu,fruit
286,Tangerine,citrus
287,Indian tea,green
288,Red litchi,fruit
289,Ambroxan,animal
290,Juniper,green
291,Honey,sweet
292,Pine,woody
293,Currant buds,green
294,White iris,white_floral
295,Moroccan lemon,citrus
296,Palm leaf,green
297,Galanga,spicy
298,Garden dill,green
299,Sweet pea,floral
300,Eglantine rose,floral
301,Blackberry blossom,floral
302,Praline,sweet
303,Laurels,spicy
304,Breu-branco,woody
305,Palisander rosewood,woody
306,Lemongrass,citrus
307,Black musk,animal
308, Wax plant,floral
309,Lemon leaf,citrus
310,Ebony,woody
311,Yellow rose,floral
312,Atlas cedar,woody
313,Madagascar pepper,spicy
314,Black basil,green
315,Japanese cherry blossom,floral
316,Baobab,woody
317,Cranberry,fruit
318,Fennel,spicy
319,Geranium,floral
320,Silver fir,woody
321,Hyacinth,floral
322,Virginia cedar,woody
323,Linen,synthetic
324,Black clover,green
325,Bread,sweet
326,Marshmallow,sweet
327,Rhubarb,fruit
328,Cottonwood (poplar),woody
329,Texas rosewood,woody
330,Lamprocapnos,floral
331,Berry fruits,fruit
332,White magnolia,floral
333,French narcissus,floral
334,Fire,synthetic
335,Argan,fruit
336,Cactus flower,floral
337,Pepperwood or hercules club,woody
338,Nectarine,fruit
339,Red chilli pepper,spicy
340,Salt,synthetic
341,Blood grapefruit,citrus
342,Chinotto,citrus
343,Acácia,floral
344,Chinese peony,floral
345,Green apple,fruit
346,Hortensia,floral
347,White honeysuckle,
348,Holly,
349,Bran,green
350,Red rose,floral
351,Javanol,synthetic
352,Grasse rose,floral
353,Crithmum,green
354,Camellia,floral
355,Gorse,floral
356,Yellow mandarin,citrus
357,Oriental notes,spicy
358,Tincture of rose,floral
359,Exotic spices,spicy
360,Melilotus,floral
361,Brown sugar,sweet
362,Chrysanthemum,floral
363,Amaryllis,floral
364,Ashoka flower,floral
365,California redwood,woody
366,Bamboo,woody
367,Cascalone,synthetic
368,Vanilla flower,floral
369,Toscanol,spicy
370,Orange oil,citrus
371,Gerbera,floral
372,Cacao pod,spicy
373,Hoya carnosa,floral
374,Blue poppy,floral
375,Indian lotus,floral
376,Tahitian gardenia,floral
377,Cacao,spicy
378,Rooibos tea,beverage
379,Night blooming cereus,white_floral
380,Wild rose,floral
381,Black locust leaf,white_floral
382,Raspberry leaf,fruit
383,Citruses with sugar,citrus
384,Apple tree blossom,floral
385,Asafoetida,spicy
386,Melon,fruit
387,Datura,white_floral
388,Calabrian mandarin,citrus
389,Almond blossom,floral
390,Gardenia,white_floral
391,Cannabis,green
392,Brazilian mandarin,citrus
393,Pink nerium oleander,floral
394,Indonesian carnation,floral
395,Ambrarome,animal
396,Pine tree needles,woody
397,Peanut,fruit
398,Russian leather,animal
399,Granny smith apple,fruit
400,Canadian fir,woody
401,Acerola,fruit
402,Lemon blossom,white_floral
403,Velvet,synthetic
404,Vodka,beverage
405,Silver pine,woody
406,Petunia,floral
407,Golden lily,floral
408,Orange leaf,citrus
409,Vanilla orchid,floral
410,Surf wax,balsamic
411,Guaiac wood,woody
412,Cinnamon leaf,spicy
413,Cabreuva,woody
414,Coal,synthetic
415,Fragonia,floral
416,Anise,spicy
417,Blueberry leaf,fruit
418,Balsam fir,woody
419,Candied ginger,sweet
420,Brazilian orange,citrus
421,Black spruce,woody
422,Turkey red rose,floral
423,Blueberry,fruit
424,Massoia wood,woody
425,Magnolia petals,floral
426,Persimmon,fruit
427,Green sap,green
428,Pomegranate seed,fruit
429,Oily notes,spicy
430,Chinese cinnamon wood,woody
431,Chinese osmanthus,floral
432,Tea leaf,green
433,White bergamot,citrus
434,Clove leaf,spicy
435,Black pepper,spicy
436,Oak tree,woody
437,Spicy notes,spicy
438,Tyger lily,white_floral
439,Portulaca or pigweed,green
440,Edelweiss,floral
441,Sandalowood,woody
442,Mirabelle plum,fruit
443,Fenugreek,spicy
444,Fig,fruit
445,White peach,fruit
446,Woody notes,woody
447,Tiare flower,white_floral
448,Seashells,animal
449,Sweet orange,citrus
450,Icing pink,sweet
451,Vanilla,spicy
452,Water fruit,fruit
453,Laburnum,floral
454,Norwegian pine,woody
455,Spanish labdanum,balsamic
456,Brandy,beverage
457,Teakwood essence,woody
458,Soil tincture,synthetic
459,Biscuit,sweet
460,Dew drop,synthetic
461,Milk,animal
462,Barberry,fruit
463,Patchouli,woody
464,African geranium,floral
465,,
466,White camelia,floral
467,Jackfruit,fruit
468,Black licorice,spicy
469,Apple tree,woody
470,Rose,floral
471,Safraleine,spicy
472,Arnica,green
473,Pistachio,fruit
474,Marjoram,green
475,Watery notes,beverage
476,California cedar,woody
477,Cassia,spicy
478,Dried plum,fruit
479,Solar notes,synthetic
480,Japanese pink lotus,floral
481,Chimonanthus or wintersweet,floral
482,Yogurt,sweet
483,Natural vanilla,spicy
484,Rhubarb leaf,green
485,Peach,fruit
486,Coriander leaf,spicy
487,Tonic water,beverage
488,Daiquiri,beverage
489,Candied almond,fruit
490,Choya nakh,balsamic
491,Katrafay,green
492,Pineapple blossom,floral
493,Sicilian mandarin blossom,citrus
494,Dill,spicy
495,Jasmine orchid,floral
496,Tulsi,green
497,Spinach,green
498,Prunella,floral
499,Candied orange,sweet
500,Christmas tree or flame tree,floral
501,White honey,sweet
502,Lemon zest,citrus
503,Ozonic notes,synthetic
504,Green mandarin,citrus
505,Popocorn,sweet
506,Verbena,citrus
507,Siam,woody
508,Cetalox,animal
509,Carnation leaves,green
510,Cyperus esculentus,green
511,Whipped cream,sweet
512,Pomegranate,fruit
513,Martini,beverage
514,Bushman candle,balsamic
515,Cedar essence,woody
516,Siam benzoin,balsamic
517,Cypress,woody
518,Exotic fruits,fruit
519,Goldenrod,floral
520,Natural musk,animal
521,Japanese osmanthus,floral
522,Amaranth,woody
523,Fish,synthetic
524,Zinnia,floral
525,Lemon balm,citrus
526,Rock rose,floral
527,Dried rose,floral
528,Cinnamon flower,spicy
529,Reseda,floral
530,Sugar,sweet
531,Star anise,spicy
532,Paramela,floral
533,Cubeb or tailed pepper,spicy
534,White pepper,spicy
535,White ginger,spicy
536,Akigalawood,woody
537,Mangosteen,fruit
538,Egyptian and indian jasmine,white_floral
539,Dandelion,floral
540,Passion flower,floral
541,Plum,fruit
542,Guava,fruit
543,Black fig,fruit
544,White woods,woody
545,Banana,fruit
546,Choya loban,balsamic
547,Green tea flower,floral
548,Sumac,spicy
549,Tea rose,floral
550,Amaretto,beverage
551,Civet,animal
552,Bamboo leaf,green
553,Vinyl,synthetic
554,Frangipani,white_floral
555,Flint,synthetic
556,Indole,synthetic
557,Cloudberry,fruit
558,Gingerbread,sweet
559,Red cedar,woody
560,Citrus leaves,green
561,Raspberry bloom,floral
562,Citron,citrus
563,Black cardamom,spicy
564,Green lily,floral
565,Yumberry,fruit
566,White oud,woody
567,Indonesian jasmine,white_floral
568,Water lily,floral
569,Coriander extract,spicy
570,Camelia,floral
571,Muhuhu,woody
572,Gianduia,sweet
573,California orange,citrus
574,Italian iris,floral
575,Sea buckthorn,fruit
576,Florida grapefruit,citrus
577,Shiso,green
578,Rose mallow,floral
579,Iris leaf,green
580,Mandarin orange,citrus
581,Myrica,balsamic
582,Chayote,fruit
583,Iris,floral
584,Rose de mai,floral
585,Exotic floral notes,floral
586,Clay,synthetic
587,Dewberry,fruit
588,Rose oil,floral
589,Bellflower,floral
590,Tequila,beverage
591,Honeybush or cyclopia,floral
592,Pelargonium leaf,green
593,Raisin,fruit
594,Cognac,beverage
595,Mastic or lentisque,balsamic
596,Primrose,floral
597,Fuchsia,floral
598,Green grass,green
599,White cedar extract,woody
600,Mojito,beverage
601,Laotian oud,woody
602,Papaya,fruit
603,Vanilla pod,spicy
604,Wildflowers,floral
605,Amberwood,balsamic
606,Ebony tree,woody
607,Pataqueira,floral
608,Oregano,green
609,Yellow narcissus,floral
610,Curry tree,spicy
611,Georgian apricot,fruit
612,Hyrax,animal
613,Vanilla sugar,sweet
614,Betel pepper,spicy
615,Buttercup,floral
616,Wild jasmine,white_floral
617,Cashmere musk,animal
618,Pink paprika,fruit
619,Vetiver root,green
620,Seagrass,green
621,Sicilian bergamot,citrus
622,Galaxolide,synthetic
623,African violet,floral
624,Narcissus,floral
625,Thailand oud,woody
626,Chinese patchouli,green
627,Vanilla absolute,beverage
628,Lemonade,beverage
629,Hibiscus blossom,floral
630,Champaca,floral
631,Impatiens,floral
632,Cumin,spicy
633,Avocado,green
634,Wild berries,floral
635,Buddha wood,woody
636,Umbu-cajá | taperebá,fruit
637,Pear leaf,green
638,Water violet,floral
639,Red tulip,floral
640,Aloe vera,green
641,Choya ral,balsamic
642,Sorbet,sweet
643,Hay,green
644,Nutmeg flower,floral
645,Black hemlock or tsuga,woody
646,Coffee,spicy
647,Incienso,woody
648,Pandanus,green
649,Tobacco blossom,floral
650,Incense,balsamic
651,Kashmir wood,woody
652,Oolong tea,green
653,Tarragon,green
654, Bearberry tree),woody
655,Almond,fruit
656,Black narcissus,floral
657,Sea salt,synthetic
658,Geosmin,synthetic
659,Himalayan poppy,floral
660,Macarons,sweet
661,Hinoki wood,woody
662,Moroccan cedar,woody
663,Lemon leaf oil,spicy
664,Finger lime,citrus
665,Fruity notes,fruit
666,Naturalcalm™,synthetic
667,Woody zion,woody
668,Brown scotch tape,synthetic
669,Santolina,floral
670,French rose,floral
671,Aldehydes,synthetic
672,Big strawberry,fruit
673,Paprika,fruit
674,Earl grey tea,green
675,Black elder,fruit
676,Maple sap,sweet
677,Hamanasu or japanese rose,floral
678,Manuka,woody
679,White hyacinth,floral
680,Kephalis,animal
681,Cheese,animal
682,Java vetiver oil,green
683,Aromatic spices,spicy
684,Fir,woody
685,Fern,green
686,Guava blossom,floral
687,Madagascar vetiver,green
688,Vanilla bean,spicy
689,Cupcake,sweet
690,Saman,woody
691,Pepper,spicy
692,Narcissus,floral
693,Texas cedar,woody
694,White grapefruit,citrus
695,Pebbles,synthetic
696,Alumroot,floral
697,Iso e super,synthetic
698,Smoke,synthetic
699,Mustard seed,spicy
700,Orris,floral
701,Clove,spicy
702,Immortelle,green
703,French orange flower,white_floral
704,Benzoin,balsamic
705,Monoi oil,floral
706,Cucumber,fruit
707,Quince,fruit
708,Gin,beverage
709,Sweet notes,sweet
710,Winterberry,fruit
711,Peat,synthetic
712,Oak moss,woody
713,Parma violet,floral
714,Japanese cypress,woody
715,Chinese plum,fruit
716,Myrrh,balsamic
717,Pistachio blossom,floral
718,Ivy,green
719,Fig wood bark,woody
720,Chocolate flower,floral
721,White musk,animal
722,Corall orchid,floral
723,Coconut leaf,green
724,Chive,green
725,Kiwi,fruit
726,Red poppy,floral
727,Davana,green
728,Tea,green
729,Cashmirwood,woody
730,Californian fig,fruit
731,Lime blossom,floral
732,Blue curacao,beverage
733,Sandalwood,woody
734,Lemon tree,citrus
735,Freesia,floral
736,English rose,floral
737,Lorenox,synthetic
738,Dried apricot,fruit
739,Moss,woody
740,Almond blossom,floral
741,Lotus,floral
742,Gentiana,floral
743,Turkish rose oil,floral
744,Tagetes,Floral
745,Almond milk,sweet
746,Mexican chocolate,sweet
747,Red myrrh,balsamic
748,Vetiver,woody
749,Passionfruit,fruit
750,Petitgrain paraguay,Citrus
751,Cactus,green
752,White datura,white_floral
753,Mate,green
754,Orange,citrus
755,Apricot,fruit
756,Ambrette (musk mallow),animal
757,Green almond,fruit
758,West indian bay,spicy
759,Rain notes,synthetic
760,Japanese pepper,spicy
761,Castoreum,animal
762,Indian patchouli,woody
763,Red currant,fruit
764,Katsura leaf,green
765,Cambodian oud,woody
766,Kyara incense (olibanum),balsamic
767,Oysters,animal
768,Mignonette,floral
769,Light amber,balsamic
770,Sea notes,animal
771,Italian cypress,woody
772,Calabrian bergamot,citrus
773,Papyrus,woody
774,Red amber,animal
775,Jasmine tea,beverage
776,Strelitzia,floral
777,Campari,beverage
778,White cardamom,floral
779,Meringue,sweet
780,Copahu balm,balsamic
781,Sage,green
782,Strawberry,fruit
783,Beech,woody
784,Flower petals,floral
785,Liatris,floral
786,Chinese cedar,woody
787,Mushroom,fruit
788,Tobacco,green
789,Siberian pine,woody
790,Celosia,floral
791,Raspberry,fruit
792,Princess tree or paulownia,woody
793,Sand,synthetic
794,Ravello rose,floral
795,Linaloe berry,green
796,Violet leaf,green
797,Buddleia,floral
798,Nerium oleander,floral
799,Blackberry,fruit
800,Pineapple leaf,green
801,Ash,synthetic
802,Japanese loquat,fruit
803,Saw palmetto,green
804,Saffron,spicy
805,Musk,animal
806,Pepper,spicy
807,Birch tar,balsamic
808,Pink grapefruit,citrus
809,Rue,green
810,Licorice,spicy
811,Virginian cedar,woody
812,Acerola blossom,floral
813,Amber from tunis,animal
814,White carnation,floral
815,Para-cresyl phenyl acetate,synthetic
816,Henna,green
817,Spices,spicy
818,Mineral notes,synthetic
819,Silkwood blossom,floral
820,Almond cream,sweet
821,Arum lily,white_floral
822,Peony,floral
823,Crystal amber,animal
824,Water notes,synthetic
825,Reseda,floral
826,Cassis,fruit
827,Valerian,green
828,Pea,fruit
829,Nectarine blossom,floral
830,Carissa,white_floral
831,Privet,floral
832,Himalayan cedar,woody
833,Hibiscus leaves,green
834,Green coriander,spicy
835,Curacao,beverage
836,Tea tree oil,balsamic
837,Ambrocenide,animal
838,Red freesia,floral
839,Satin,synthetic
840,Chamomile,floral
841,Tahitian vetiver,woody
842,Yunnan tea,green
843,Karo karounde,white_floral
844,Daisy,floral
845,Marron glace,sweet
846,Orange cassia tree,floral
847,Italian melon,fruit
848,Canada balsam,balsamic
849,Olibanum,balsamic
850,Banana flower,floral
851,Bulrush,green
852,Creosote bush,green
853,Orange peel,citrus
854,Marmalade,sweet
855,Lime peel,citrus
856,Spiraea,floral
857,Plum tree,woody
858,Cashmeran,synthetic
859,Green notes,green
860,Watercress,green
861,Halva,sweet
862,Cookie,sweet
863,Hyssop,floral
864,Civetta,animal
865,Red wine,beverage
866,Myrtle,floral
867,Lime (linden blossom),Citrus
868,Neroli,citrus
869,Valencia orange flower,white_floral
870,Yellow plum,fruit
871,Jade flower,floral
872,Red peach,fruit
873,Belladonna,floral
874,Peppertree,spicy
875,Pink lotus,floral
876,Plum blossom,floral
877,Paper,synthetic
878,Pear wood,woody
879,Belambra tree,woody
880,Hazelnut,fruit
881,Wisteria,floral
882,Aglaia,floral
883,Olive tree,woody
884,White heliotrope,floral
885,Thyme,green
886,Canadian pine,woody
887,Motor oil,synthetic
888,Apricot blossom,floral
889,Sea water,synthetic
890,Benzoin,balsamic
891,Musk,animal
892,Synthetic civet,animal
893,Slate,synthetic
894,Dried fallen leaves,green
895,Mango blossom,floral
896,American apple,fruit
897,Magnolia,floral
898,Indian oud,woody
899,Juniper berry,fruit
900,Red maple,woody
901,Araucaria,woody
902,Canadian balsam,woody
903,Moroccan rose,floral
904,Musk vodka,beverage
905,Turnera diffusa (damiana),green
906,Oakmoss,woody
907,White cherry,fruit
908,Goat hair tincture,animal
909,Apple juice,fruit
910,Dahlia,floral
911,Dark woodsy notes,woody
912,Rubber,balsamic
913,Lavender,floral
914,Rosemary,green
915,African orange flower,white_floral
916,Celery seeds,green
917,Dates,sweet
918,White currant,fruit
919,Arabian spices,spicy
920,Poppy,floral
921,Chinese black tea,green
922,Sesame,spicy
923,Panacotta,sweet
924,Rosa rubiginosa,floral
925,Pear,fruit
926,Indian ginger,spicy
927,Chinese red currant,fruit
928,Indian mimosa,floral
929,Apple blossom,floral
930,Pumpkin,fruit
931,Maraschino cherry,sweet
932,Orangewood,woody
933,Graphite,synthetic
934,Mitti attar,synthetic
935,Bitter almond,fruit
936,Red apple,fruit
937,White flowers,white_floral
938,Eucalyptus,woody
939,Hot iron,synthetic
940,Wild peony,floral
941,Hibiscus seed,fruit
942,Paperbark,woody
943,Truffle,animal
944,Beeswax,animal
945,Asian lily,
946,Spicy mint,
947,Coca-cola,
948,Indonesian pepper,
949,Rose petals,
950,Coral reef,animal
951,Cade oil,balsamic
952,Larch,woody
953,Jacaranda,floral
954,Powdery notes,synthetic
955,Coffee blossom,floral
956,Galbanum leaf,green
957,Red paprika,fruit
958,Almond wood,woody
959,Rose water,floral
960,Red cyclamen,floral
961,Californian orange,citrus
962,Marshamallow,sweet
963,Violet,floral
964,Kumquat,citrus
965,Cyclamen,floral
966,Hiacynth,floral
967,Cedarmoss,woody
968,Red pepper,spicy
969,Limoncello,beverage
970,Madagascar sandalwood,woody
971,Larkspur,floral
972,Ravensara,woody
973,Haitian vetiver,woody
974,Parsley,green
975,Freesia petals,floral
976,Nigerian ginger,spicy
977,Grape seed,fruit
978,Magnolan,synthetic
979,Cloves,spicy
980,Malt,fruit
981,Boronia,white_floral
982,Carambola blossom,floral
983,Rice pudding,sweet
984,White musk,animal
985,Bulgarian rose,floral
986,Olive leaf,green
987,Satinwood,woody
988,Musk,animal
989,Seaweed,green
990,Black tea,green
991,Cotton flower,floral
992,Blackthorn,fruit
993,Lemon,citrus
994,Birch leaf,green
995,Sunflower,floral
996,Forest flowers notes,floral
997,Blue rose,floral
998,Agave nectar,sweet
999,Fig leaf,fruit
1000,Jasmine,white_floral
1001,Casablanca lily,white_floral
1002,Caraway,spicy
1003,Damask rose,floral
1004,Pine tree,woody
1005,Khella,green
1006,Ammophila (beach grass),green
1007,Chinese tea,green
1008,Wolfberry,fruit
1009,Neoprene,synthetic
1010,Boletus edulis,fruit
1011,Caipirinha,beverage
1012,White violet,floral
1013,Amyris,woody
1014,Rangoon creeper,floral
1015,Wheat,green
1016,Exotic woods,woody
1017,Ember,synthetic
1018,Clementine,citrus
1019,Cardamon,spicy
1020,Tropical fruits,fruit
1021,Red thyme,green
1022,Incense,balsamic
1023,Egyptian balsam,balsamic
1024,Laminaria,green
1025,Earthy notes,synthetic
1026,Driftwood,woody
1027,Centella asiatica,green
1028,Tomato,fruit
1029,White wood,woody
1030,Horseweed,green
1031,Egyptian jasmine,white_floral
1032,Poplar (populus) buds,balsamic
1033,Yellow freesia,floral
1034,Amber,animal
1035,Coral rose,floral
1036,Angels trumpet,floral
1037,Water hyacinth,floral
1038,Grapefruit leaf,citrus
1039,Rhododendron,floral
1040,Ice cream,sweet
1041,Petalia,floral
1042,Citrus leaf,citrus
1043,Bacon,animal
1044,Tulip,floral
1045,Egyptian rose,floral
1046,Maltol,synthetic
1047,Wood resin,balsamic
1048,Caviar,animal
1049,Copaiba balm,balsamic
1050,Rice basmati,green
1051,Green nard,floral
1052,Forest fruits,fruit
1053,Indian jasmine,white_floral
1054,Wool,synthetic
1055,Acai berry,fruit
1056,Mistletoe,green
1057,Desert rose,floral
1058,Tulle accord,synthetic
1059,Clove,spicy
1060,Pear ice cream,sweet
1061,Pimento seeds,spicy
1062,Guarana,fruit
1063,Lava,synthetic
1064,Black locust,white_floral
1065,Limewood,woody
1066,Australian sandalwood,woody
1067,Creme brulee,sweet
1068,Italian orris root,floral
1069,Night blooming jasmine,floral
1070,Ceylon spices,spicy
1071,Pimento leaf,spicy
1072,Sicilian orange,citrus
1073,White orchid,floral
1074,Tansy,green
1075,Water heliotrope,floral
1076,White chocolate,sweet
1077,Rhuburb,fruit
1078,Chili pepper,spicy
1079,Gunpowder,synthetic
1080,Yellow water lily,floral
1081,Vanille,spicy
1082,Egyptian pelargonium,floral
1083,Guatemalan cardamom,spicy
1084,Damask plum,fruit
1085,Tunisian orange blossom,white_floral
1086,Chinese jasmine,white_floral
1087,Green lilac,floral
1088,Satureja,green
1089,Mimosa,floral
1090,Nougat,sweet
1091,Yellow champaca,floral
1092,St johns wort,floral
1093,Lantana,floral
1094,Leather,animal
1095,Black currant,fruit
1096,Indian spices,spicy
1097,Red fruits,fruit
1098,White tobacco,white_floral
1099,Violet woodsorrel,floral
1100,Chocolate,sweet
1101,Coriander,spicy
1102,Massioa,beverage
1103,Nigella,floral
1104,Red berries,fruit
1105,Papaya flower,floral
1106,Citrus and floral notes,citrus
1107,Cinammon,spicy
1108,Blackwood,woody
1109,Red vanill-orchid,floral
1110,Syringa,white_floral
1111,Green tea,green
1112,Black orchid,floral
1113,Silk tree blossom,floral
1114,Olive,fruit
1115,Lydia broom,floral
1116,Ginger,spicy
1117,White suede,animal
1118,Resin,balsamic
1119,Calone,synthetic
1120,Mahogany,woody
1121,Water pepper,spicy
1122,Flowers,floral
1123,Lillac,floral
1124,Mimosa absolute,beverage
1125,Floral fruity notes,floral
1126,Violet,floral
1127,French labdanum,balsamic
1128,Apple,fruit
1129,Carrot seeds,animal
1130,Indian mandarin,citrus
1131,Frosted berries,fruit
1132,Animal notes,animal
1133,Limetta,citrus
1134,Concrete,synthetic
1135,Hemlock,floral
1136,Nard himalayan (jatamansi),floral
1137,Maninka,fruit
1138,Tobacco leaf,green
1139,Marian plum,fruit
1140,Citruses,citrus
1141,Coconut milk,sweet
1142,Madagascar vanilla,spicy
1143,Hinoki,woody
1144,Brazilian spices,spicy
1145,Thistle,green
1146,Syringa,white_floral
1147,White mimosa,floral
1148,Brazil nut,fruit
1149,White rum,beverage
1150,Juniper berries,fruit
1151,Coumarin,synthetic
1152,Chutney,spicy
1153,Dragon blood resin,balsamic
1154,Lime,citrus
1155,Sichuan pepper,spicy
1156,Plum wood,woody
1157,Bitter orange blossom,white_floral
1158,Black freesia,floral
1159, Cupuassu,fruit
1160,Meadowsweet,floral
1161,Ambertonic,animal
1162,Opoponax,balsamic
1163,Indian white pepper,spicy
1164,Clover,floral
1165,Flax,floral
1166,Head space waterfall,synthetic
1167,Litsea cubeba,citrus
1168,Ceylon cinnamon,spicy
1169,Black gardenia,floral
1170,Lantana leaves,green
1171,Bourbon geranium,floral
1172,Blood orange,citrus
1173,Yarrow,green
1174,Galbanum,green
1175,Chinotto blossom,floral
1176,Borneol,green
1177,Tuscan cypress,woody
1178,Neroli essence,white_floral
1179,Matcha tea,green
1180,Green accord,green
1181,Mint,green
1182,Macadamia,fruit
1183,Methyl pamplemousse,citrus
1184,Moroccan jasmine,white_floral
1185,Violet leaves,green
1186,Ylang-ylang,floral
1187,Water jasmine,white_floral
1188,Argentinian lemon,citrus
1189,Lotus petals,floral
1190,Tahitian vanilla,spicy
1191,White amber,animal
1192,White rose,floral
1193,Mimosa petals,floral
1194,Japanese green tea,green
1195,Hawaiian jasmine,white_floral
1196,Dulce de leche,sweet
1197,Roasted coffee beans,spicy
1198,Baie rose,floral
1199,Silk vine or milk broom,green
1200,French violet,floral
1201,Coconut nectar,beverage
1202,Marzipan,sweet
1203,Black currant leaf,green
1204,Sapodilla,fruit
1205,Star apple,fruit
1206,Diamond orchid,floral
1207,Pink hyacinth,floral
1208,Italian jasmine,white_floral
1209,Red currant leaf,fruit
1210,Bourbon whiskey,beverage
1211,Artemisia,green
1212,Palmarosa,green
1213,Vermouth,beverage
1214,Amalfi lemon,citrus
1215,Osmanthus,floral
1216,Calamus,green
1217,Apple leaf,fruit
1218,Cassis,fruit
1219,Pimento,spicy
1220,Sweet almond,fruit
1221,Grenadine,beverage
1222,Lotus leaf,green
1223,Pollen,synthetic
1224,Champagne,beverage
1225,Pink tulip,floral
1226,Banana leaf,green
1227,Celery,green
1228,Cedar,woody
1229,White almond,fruit
1230,Amber xtreme,animal
1231,Somalian opoponax,balsamic
1232,Peony,floral
1233,Nasturcia,floral
1234,Cactus juice,beverage
1235,Eau de vie,beverage
1236,Safflower,floral
1237,Indonesian nutmeg,spicy
1238,Ambergris,animal
1239,Petitgrain,citrus
1240,Milk mousse,sweet
1241,Black violet,floral
1242,Olive blossom,floral
1243,Palm tree,woody
1244,Turmeric,spicy
1245,Reed,green
1246,Leatherwood,floral
1247,Wild strawberry leaf,fruit
1248,Allspice,spicy
1249,Grass,green
1250,Kaffir lime,citrus
1251,Frosted apple,sweet
1252,Chestnut,fruit
1253,Frosted melon,fruit
1254,Borage,green
1255,Ambrette (musk mallow),animal
1256,Orange honey,sweet
1257,Vetyver,green
1258,Coranol,synthetic
1259,Hoary stock,floral
1260,French pastries,sweet
1261,Bellini,beverage
1262,Wrightia,floral
1263,White tabacco,white_floral
1264,Tuscan iris,floral
1265,Red sandalwood,woody
1266,Mirabilis,floral
1267,Blackcurrant syrup,sweet
1268,Black rose,floral
1269,Japanese citruses,citrus
1270,Watery cyclamen,floral
1271,Cherry,fruit
1272,Frosting [glacé],sweet
1273,Black locust  honey,sweet
1274,Iris flower,white_floral
1275,White pear,fruit
1276,Italian orange,citrus
1277,Asparagus,green
1278,Monarda,floral
1279,Indonesian myrrh,balsamic
1280,Cinnamon,spicy
1281,Hawthorn,floral
1282,Sweet pepper,spicy
1283,Indian pepper,spicy
1284,Californian gardenia,white_floral
1285,Liquor,beverage
1286,Lavender extract,floral
1287,Rose geranium,floral
1288,Mexican vanilla,spicy
1289,Moroccan incense,balsamic
1290,Hatkora lemon,citrus
1291,Green mango,fruit
1292,Ho wood,woody
1293,Egyptian jasmine,white_floral
1294,Lamduan flower,floral
1295,Bitter orange,citrus
1296,Almond tree,woody
1297,Heather,floral
1298,Cardamom,spicy
1299,Dark chocolate,sweet
1300,Pinot noir grapes,fruit
1301,Myrrh oil,balsamic
1302,White lily,white_floral
1303,Coral amber,animal
1304,Cherry extract,fruit
1305,Wax plant,floral
1306,Cupuacu,fruit
1307,Orris root,floral
1308,Balsamic vinegar,balsamic
1309,Lily,white_floral
1310,Kir royal,beverage
1311,Soursop,fruit
1312,Clearwood,woody
1313,Bulgarian light tobacco,green
1314,Wild lavender,floral
1315,Jasmine leaf,white_floral
1316,False jasmine,white_floral
1317,Island musk,animal
1318,Jasmine sambac,white_floral
1319,Israeli basil,green
1320,Pansy,floral
1321,Basil leaf,green
1322,Oak,woody
1323,Chinese pink peony,floral
1324,Hina,synthetic
1325,Himalayan geranium,floral
1326,Talc,synthetic
1327,Cosmopolitan cocktail,beverage
1328,Basil,green
1329,Orange pepper,spicy
1330,Sainfoins,floral
1331,Patchouli leaf,woody
1332,Green coconut,fruit
1333,Brazilian rosewood,woody
1334,Nettle,green
1335,Red algae,green
1336,Blue hyacinth,floral
1337,Turkish rose,floral
1338,Herbal notes,green
1339,Mace,spicy
1340,Black locust honey,sweet
1341,Pink jasmine,floral
1342,Mountain air,synthetic
1343,Opoponax,balsamic
1344,Asphalt,synthetic
1345,Elemi resin,balsamic
1346,Piña colada,beverage
1347,Paradisone,synthetic
1348,Rhubarb,fruit
1349,Red lily,floral
1350,Hinoki incense,balsamic
1351,Masala chai,beverage
1352,Italian mandarin,citrus
1353,Butterfly orchid,floral
1354,Darjeeling tea,green
1355,Peach,fruit
1356,Milk chocolate,sweet
1357,Yuzu,citrus
1358,Bourbon pepper,spicy
1359,Sequoia,woody
1360,Sour cherry,fruit
1361,Cappuccino,beverage
1362,Tangerine blossom,white_floral
1363,Columbian coffee,spicy
1364,Tomato flower,fruit
1365,Star jasmine,white_floral
1366,Ginseng,green
1367,Lime (linden) blossom,floral
1368,Italian violet,floral
1369,Burnt match,synthetic
1370,Madagascar cloves,spicy
1371,Mulberry,fruit
1372,Oriental woodsy notes,woody
1373,Spruce,woody
1374,Myrhh,balsamic
1375,Absinthe,beverage
1376,Moroccan mimosa,floral
1377,Black pepper,spicy
1378,White wine,beverage
1379,Peach blossom,floral
1380,Coton candy,sweet
1381,Malva,floral
1382,Candy apple,sweet
1383,Japanese orange,citrus
1384,Lupin,floral
1385,Mango,fruit
1386,Chocolate,sweet
1387,Arbutus (madrona,woody
1388,Singapore patchouli,woody
1389,Italian tangerine,citrus
1390,Camphor,synthetic
1391,Indonesian patchouli leaf,woody
1392,Iran galbanum,green
1393,Karo-korund,white_floral
1394,Yellow poppy,floral
1395,Butter,sweet
1396,Whiskey,beverage
1397,Celery seeds,green
1398,Clary sage,green
1399,Chinese orange,citrus
1400,Taif rose,floral
1401,Ambergris,animal
1402,Goji berries,fruit
1403,Pitanga,fruit
1404,Tolu balsam,animal
1405,Industrial glue,synthetic
1406,Bay essence,green
1407,Rice flower,white_floral
1408,Burdock,green
1409,Japanese plum,fruit
1410,Rose thorn,green
1411,Bbq,animal
1412,Jeans,synthetic
1413,Moroccan and indian jasmine,white_floral
1414,Pink freesia,floral
1415,Cherry blossom,floral